USER_ID,AGE,GENDER
Scdg5ku-hnvlAUtgVGm9sztMdQdI,40,Female
fdrxEXa7SdqntNSoXL9tpo3dkuS6,40,Female
rnxFANB5mXUuJabQhi5rOlS6TPwN,27,Male
Po3Eavx2nEWF7dl8rxLVH8C8z686,36,Male
UQho50IBM0XXWYGc3d6kPmmag2Yw,26,Male
Pb8wvqNyAquAdTz691IRPQXp3MzY,23,Female
5Mt7BOsCRC94SxctBx6f0SYDldar,31,Male
HMkZakdj9bCvTMUd9UmWEk8i43ds,23,Female
WEFvTM1HTxucAHmMxEzDXIGPrYgd,25,Male
-qeOCqYWGTfJvL_tqH1C_6pMloth,18,Male
dT2cXkrU00yyecxIi_urtUSm23lN,30,Female
HlGMygJJLDA-UxGU9MHcgSzQC72P,34,Male
fsesJ2_Vzhy1Q6mfmFlD4ZoqFDGa,22,Female
AiBi6o7P01fmXUI10_RzENYOZcFW,23,Female
B-UZ_-Zn2fvVSafnIbDNAtNZD8jq,20,Female
yP8rZAfNbhjNY3_1w4ij8ljlKvHx,30,Male
WQu-hNko3l9zD82sUbcDxuuPnfDr,40,Male
tD_oexyvCjJbAJVaOq8PP0ttKzrS,40,Male
QEJX0a_nB4nUixsFEG-UeHN35CnG,40,Male
KrFN8iBBjb6yXmr6R6SDnkCcYKkF,40,Female
PJsCEzjAZ_87DcMqEoO-rY4J05eZ,38,Male
eR1cOMrCYXpo_oal-UruDd-MN21K,30,Female
K-V6c-wGDLMgoshfBUUC9jraaIAA,33,Male
1RB-Vtau1HQRjUklwqbWaA5pfR2r,27,Female
8C1vRlrOpwjyW5iQP9lonSktC7_d,23,Female
BDhPgv9KdagXFPP588Wsq_9ySwfE,38,Female
1WWYQ3cm8kdWAAOyOBzHSXO-6vFo,23,Male
Zv21e3VxHaHxs-uwaJMwiRaaGLdj,31,Female
bl9C-ThRWuEA4nHLIY7ZkNVAlngU,22,Male
ZZ4QxmBfWU7jL5GwNNrnEyRbMYHL,23,Female
-1eYjh9q3dJSAX5z8Y9PdNLFATZu,26,Male
DuPrZGhebUWdoaq-cy21c6clsB7n,34,Female
WEZ2khlCl9Fc50MtKzuz865sUKy5,22,Male
R4AybdlIzpMtysTLt7VvCXuf85Cj,32,Female
MxfR_XEueeiivcqjr_pIRRHFxqTp,32,Male
P1cavBrD6u50juk9F8zMiv9XpV5s,25,Male
qfP45wL0QnWhIt0ULE8uxPvK75hn,26,Female
5ypXghMfX5cR25fV5wDR6ChdM9t-,28,Female
ESJKYRMZVhMC72O6P_sBzy0n3gp2,25,Male
ynNlKQAsolKozA649fV50JYcglA_,34,Male
5z9ek1K2v55T_gachgV-T7uW_6BH,35,Male
tA0SOBvmyMQExCErTwGCWYnbQpxA,27,Female
gG2Jr5Qvg3xiEV8N532ggEp2bbw7,21,Female
NeGRvNS31IAEXzIY-s1-5IjywZWi,23,Female
JvP882iVObbmLP_mUftPKSBb7nzZ,29,Male
AAkpBCSapQRi-yn0VMSx36rtG5z4,31,Male
jTWj9cI8D3ZXkHCgAy84wFm4MYqS,30,Male
BKlHeHDaBqSg_aVm4gIrD8MYFu8Z,37,Female
EzZ0dN2z-PETgloAp2A-ZydTUUKX,28,Male
JsaKJzCnT7Ql1Z3aOGwO82DAsnYV,26,Male
pHFiQaUfaU9fJq-Or-TeXCY_oQ7E,22,Male
5aNND1UcrgWlJZ-QDoh3SDmf9liH,29,Female
us1NaQVB5KP1nsaNnZmm-xCrM4CW,24,Male
DVGvoY8bvmZa8eZZy4BIzt0bKBpe,37,Female
242sfqVLfjwb4s36LR11jo3Wssw3,38,Female
IsfWdaYb1lsMs-poOpJAngSmNoGj,36,Female
qmsfvLHkk62KB02inG6sgVCUioMv,31,Male
a46PYD9BR7tGzN1AM0YlzjLpjQCW,32,Male
JZuhaiFe1wyTBVlanyT_y5-hRsPy,22,Female
Ai5F3JQhpa78dptRXSA8FUOHjEl7,24,Male
Ewmsa5bMsRcrRlLLkRCftszb41D5,21,Female
hAQlwFTop6VakbMX3a1LsRHEmXSQ,24,Female
y6IfZLCTlY6cE_6e-Uh74oK04iyL,25,Female
XMmXHT0aXxTYRjOMKbYfgz3Oz0b0,22,Female
iGdF35weuR1biCjAPazQg2a3XzlN,31,Male
3NfvDnfHXEGdhR6btTyUhgPZUlVs,22,Male
q11CpF2tElIi-P8TWGGvDKp01IJz,24,Female
fGvWM9zf5836CV7n5SUffN037huS,31,Female
Sf7IzdGsvOe61726hh_iqidItvug,40,Male
XBDfd9SSTne2v0iXTVRb3-36Ai2G,37,Male
UDBw_e-kFmD_YA_iWjagd-oTxl2C,33,Female
DCtsit74-506pvPuR_CYdyBusbbS,37,Male
JLUT1xdc8esjBBF0ZYhdnZSLeCTv,34,Female
9XRgln0T5k1Oyqvnqpe2mXiun-nf,32,Female
DJNNQpIauQXvuSv9HsPyAwkRZZuL,28,Male
ljfiy6kG23vYdwft6QoXLrWTYTpr,18,Female
5lNoCIQbJUmoCo6yc27oSnjp_750,35,Male
Q-GnXnTVFRUUAR6Qh-wi0xsjeJ62,23,Male
LBHrg8H9TG7SR-qUiBnMwBu0dRle,19,Male
YcJPw4sVYjBW3nCKAk8PfAouWNOT,37,Male
E_k0TGlbRjjfFL9684a-NccqT4T1,24,Male
HysiqVC7XhHbcGUIoid8_hqzpnMD,33,Female
yyOdciZlD0nOGczOp0dZumeL4Uzv,21,Male
EEMXlTKcrSkiVZWjGVzzLLHAloEO,40,Female
oIxGEJ8lLw1KxzXJmhxzF9FFUCWr,29,Male
9ocWxfndcglIYelbxXDLh1AyOq0N,29,Male
FF7r7Z6BudmKMGpi3SEMXHKzKMb4,34,Male
n859PXwPHZY9J6jnFZpQCBQqf5Ab,35,Male
r8UdGcKge2bmH5Ur9WD0yRyePXTa,18,Male
h_J0HLHE0rfaalKbjI8m5A-8TbLr,31,Male
nejsP-t7PJdY4CaOa4oUZXDuZoIB,36,Male
9ZkHfZVTtVv5skIZwl3UwcsKVJfJ,26,Female
r6Xxy-kdThNxbWhLDtBn178GqM7U,40,Male
F7Iz81cnAU0Doj4tXupyCXE2DCcE,18,Female
_hwSDUcZAc48p3bvB6BeBmuSt7DX,19,Female
rz7alPKXjzsiepzRx5oKZxi_8Xzp,40,Male
YD7UksaUdnUr_SzMmyLY5Wr-jpkG,38,Female
jzpn4vhsljelKNuw2o5pDWgppI57,39,Male
ERQbJfRYR8LC7kliIC9MArSrYP70,39,Male
Rrdt-Aamd-g6kfc9IBX_NC4qqtkw,25,Male
zn3HUXpb58U3PtmPus9CGB5Yk-Pd,31,Male
apTyYg2mJOE7FsWRSEblXxdDCYb9,34,Female
NiWL_PcYseDtlix4tRe4rnt2-D5n,22,Female
7vhIyc-c5UphC67nTdq8Uk0nwGMH,31,Female
dogPapUjEQFobdExA5dlvnLPw-YE,38,Female
JZSpXx1YOXLdlKqol74QhCLAvoSR,37,Female
yRZT7fsbhB6eQ4Nxq8X8CnO1furT,33,Female
0tLmbqXZt5vPO419k1s-uDgBEWCO,36,Male
AMnYdR3WIZNdEvVNVYC4_T5e4x-p,29,Female
RprbO1GcCbCYQR3mhdOth6G8sILk,24,Female
5pHf9ooRaEQZ2WVRQ3XLznAaQ8b2,35,Female
WGPF19qZ74l9IinyZzk4w3pEnFiU,32,Female
AdOhMW2raHCrLNnePQgEBhUv35XF,26,Male
GAq1mrnAJRhYZEdXVARcSefv6qUh,18,Female
BH3TY1BwM5zAeb2iFTuxMbh7xOno,38,Male
iV2X9nhFmvIt72X4mSL5G3qkG4jK,34,Male
IfxpqvRHpUf4BbsvF4YVRAwB9XAw,27,Female
apthOnkMsnI1BApNuuyjr_FNZ6A7,33,Male
BJ1WwFEMLn6acdlWEKAXZHSwg4AW,35,Male
OoXvA2rK-1uOf4SXtSvXOa--PM9o,21,Female
fhr0Z5ysMDTtRYU9a7TPv9KUaOAb,35,Male
iRoaZcQoM8rPCYAYwMdvex3wwv3W,21,Female
D0dWkgNBlNogQuu2BGzeXQkrpuGw,20,Female
846r7HYJQBCdwkudtOUxlhqht_UX,36,Male
5jA0kGwy8AT4jjKz4wXC-to5nLN7,33,Female
ns5JzEceDcmFbXdTknB6ihrElbc1,23,Female
f2Bt8GWky3PKxBGgE91xeaeKKmfT,38,Male
VHnvcvFz65JX07-8W9WEkL3GsRvq,32,Female
50YggH2FGb4ncUhVBlbWDDIbkyW8,23,Male
oO6HkT5J0EJXHFlgqs96o4xfwn-V,30,Female
D6MH5XPwOedfSLRP3SJeUbt1qKDw,23,Female
MRA3Njm1mBI7ZFG2TSE3fdZnOYow,19,Female
dOPAY6KlGllQf74OYXIs0GbtQiGm,19,Female
CyHPCNmXmNaoq6SFdMGlLNnlEM06,27,Female
YcHyBSRdl6kyTmB6BIjXC5x3b_WO,18,Female
TF2_2WRQH306Gl_7JkC_8tzjwOnk,32,Female
HF8nuxtfRmhsMIge5WUf31mntca_,26,Female
GQs24bNuXwjcKXZRfPAaEcO9Z3og,24,Male
uEvM6S7OPKKhLyVmKGW2Hi1xt8pU,28,Female
WrOC94kTm3A1nsmGL5-QWCZV5OJk,25,Male
KY1sdv-Kw8pKkKdtC1d6eYZocLlb,31,Male
AUULJipHkc7QmQMp1lTaTjT7TFfa,33,Male
cWp6Dg0Cd2sH6SlQPWWSU0yaDu1G,30,Female
K0xlhmNhcrsAcbAnlhatwrHMdY86,25,Female
LZx9yluue3zw5lf6gA9D63v0mKZN,35,Female
E0hbSRExE3-XY1MbojsZDuNiabSf,33,Male
hTBbuOj-0BIbCdiT_zhXOmQ5gUoX,39,Female
kvExnh_cGFkwjPukxpzuvcCBoYxi,32,Male
0FWLXe0mJB0GLfkZvl91H3HL9LGE,25,Female
f0_ibZASz4dqI_5Wod4sea5YhoDV,24,Male
VO97CXd-8WmZ0XY15uMIdxg99CR6,35,Male
SVLzUgvxNQjHUwfDTkVNcsc10tcT,27,Female
j8UlXjIxxDTWTp7RSxiAFKPA8QVe,24,Female
xB6-mTc7RbaekkBAuDQIWVdcFDbi,30,Female
BIdeGeXVqARAGMXNpb7DTHZoYJif,24,Male
MVP9Bg88OIpw0f-PgBOZW1d0Cuhu,30,Female
OVjwK7XQp3m--qhJqBhQKiPn5DTH,40,Male
VUNEZSuXqpghvNt73h1vB-6j8DNC,25,Female
SM34c8X6K2JUgb-6iO__3hd-qmuE,30,Male
IRVCg_9ybu0Ainw1YsfK9zl-Nb80,29,Male
ht1y0BxWAU6EVQ6xof8jOEwtZ762,26,Male
9kgIaW-mlkHSdClQrYqkxheyTFMJ,33,Female
bCBAIjKUwBf4DspGRyXyjWa846Gs,20,Male
pntOaETALGAsqQwEcJ3MW5HjD0pG,19,Male
WvmE4AoMjKEZiIdflNtVHRQBJCwp,22,Female
urQBR2QJscJrh7oXKHRj6Sq8dKhu,22,Female
_n5t_bLhGyKnxRSpUmQEDXlGxCiz,39,Male
b8OiVhfegwFDNSTVyT0r2cN1hZTh,22,Male
7WKFgD7Vrxu6iiojfZPBel8ygX7p,27,Female
N89EHjquxP2qhVQA3CGMa3JRYMjP,19,Female
NjooHcNGheVSR4qDo0goCc7bM6j2,32,Male
iF2owwt2zSVdpVR_KYa_ek3i39fq,19,Female
KKEn1jx6sImw30MDt6fRWqFYjkC_,21,Male
SWl98-FAVzCYrET8V2JebSNU3xd6,36,Male
7L6WQhY8cIsHbYFP31D5XXmCVhy1,32,Female
okPsaT6Dyb96d10q0kMNyQfR6siY,30,Male
2os0mRb7YUMgzAN7gXXxYlVosNvT,35,Female
53RrExhAKV_bdjr3qXUvN1me5K1i,35,Female
VaXWH6ZcCvZNsj8-lHXW0zXUTAIm,39,Female
uRCScJjoA-5JSkKj1hX2K5uG6zkV,37,Female
1CPFwzEA99vCg7B0MafjhtQvo8a5,18,Female
PctsZ78OA6q6_eR1uCDftdqwrZDH,28,Female
2g3rj9ISLsAn0wryi682OlLwTFF_,33,Male
W9R4t6DjFzKKe3o4O629MQG4n65_,21,Male
oZvwRsevabvbC-PVXt9IjOACjTzg,29,Female
de_oBJ1B992EFkZ157qAnGHGWMlJ,21,Female
ZAALxtu-mYots7rG7IGzWvi2x8ce,32,Male
6LOMxAxp-NDYQOSE_fbQ0A2QehrR,20,Male
lMJLjydg-bVIPM3qfsSGujCQNCu_,18,Female
IBA_xG4Xh6plJ8GTc82C-EufK75-,25,Male
NvSPlzDgyg3JRqDIrWWWEP1RRhyg,30,Male
RnuR435uSr2PH28dlUAJKFK7LBKr,34,Male
_-Gj3SGZeJmTnJOcIh34Cl7xJvxs,34,Female
3rcL9F76F34hrqjrJlKZZ8vEue8O,27,Female
kMU7opWUPo1Ir2n3KUL_g4EGUR6i,40,Female
6QfwUVjeaLJKWbYCqAj-owU_QRA2,40,Male
UhLii-R04trbtJV6L3-p0f-5hFdM,40,Female
PFz8XN4zigaOwI2dd0eNTM_iYIKi,26,Female
-eW9-zAMuanTvCCAYgkefODJNc-V,36,Female
w8aEwjdmYhPRFVNxvQSnOcKf9eGe,21,Male
